workerid,prolific_participant_id
945,60b51bd73d86433436d7eafa
963,5a1efc2b517dfb00013dd370
926,5fd6ebe9b77a3d65df0c0674
964,5e6a34ed08a6ec0a7f75df79
918,59daff10e776fd00015ec7ec
952,5d1c364ec2696c0019647629
955,60fd543d2abb391065714ebd
946,5dda51f040460e9a0f5f6a70
949,5fd8e27b6feb8e0d22eb3bd0
954,5dd37d08c6588f38120fb465
965,581d50e882c5aa000132ce4f
939,5df3512f6552ef236f57ed05
943,5f828002935db93a4d29d577
927,5e58376293597e044d5af47a
944,5b4983840753d30001db8ab3
917,5c2789fc1694480001e4c4e3
958,5c01dc58067bbf00019bb318
961,5d093f05c79e5a0016796b18
921,5f42eec40c24ac531d4ca24a
962,5aea56160335e200019ea543
922,5c249e4089f03500017404d8
937,60fed7543ae403b2cbae727c
932,5c82f2c76ef9740017748d18
930,5f9680c928b51354f0244d31
928,56b4fa8da9d33a000c892091
934,60dcf5bbb02e607c4e96fcb6
916,5fa0fcb264b18a18bb2fab80
940,5c9705682addb90015bd3c68
925,5c037f464c14cf00019d379f
920,60fd0aabb7fab4c6243f854f
924,60124cb4154c54274faac7c0
966,60be09fe05b5adf03149a85f
953,5e83e43f4c96811430f6ff14
950,5c552cc954f9d30001db5934
956,615ef3a85979138892bca4e1
941,60fdf7ccd0817db1d1efba8c
935,5f513cbe65aa1635dbc44e26
923,5c464ddf26217400018ca5d6
959,5727d93522e522000e7a0a3c
960,614e220aee4e0bd0529d6edd
942,5eebeeca01b1dc3dc83ec79a
948,5928cbac80a86200013f3732
919,60480a1f6a283e139e6757b6
938,616f0db947219764c0ee33b7
929,6229f75ee196c9f948375219
947,5d391bc980ccd20018ac4006
933,61506367db75b2669d9d2d72
957,55afd54efdf99b4099d5735f
967,5f1f2c053dd3620d41353827
951,5f77b0c71436cf1d275d79d0
